# Généré par : iXtal26.Diff --hardware-mode PB-01,PB-02,PB-03,PB-07,PB-45,PB-87,PB-169,PB-170,PB-171,PB-172,PB-173,PB-174,PB-175,PB-176,PB-177,PB-179,PB-257,PB-258 sst-probe --target csharp --baseline
# Mode matériel, PB-01,PB-02,PB-03,PB-07,PB-45,PB-87,PB-169,PB-170,PB-171,PB-172,PB-173,PB-174,PB-175,PB-176,PB-177,PB-179,PB-257,PB-258 : le C# seul, sans oracle (R10).
# Contre la ligne de base de l'oracle, seules les formes que les corrections visent montent.
forme	cas	passe	masque	premier_echec
00	10000	10000	0xFFFF	
01	10000	10000	0xFFFF	
02	10000	10000	0xFFFF	
03	10000	10000	0xFFFF	
04	10000	10000	0xFFFF	
05	10000	10000	0xFFFF	
08	10000	10000	0xFFEF	
09	10000	10000	0xFFEF	
0A	10000	10000	0xFFEF	
0B	10000	10000	0xFFEF	
0C	10000	10000	0xFFEF	
0D	10000	10000	0xFFEF	
10	10000	10000	0xFFFF	
11	10000	10000	0xFFFF	
12	10000	10000	0xFFFF	
13	10000	10000	0xFFFF	
14	10000	10000	0xFFFF	
15	10000	10000	0xFFFF	
18	10000	10000	0xFFFF	
19	10000	10000	0xFFFF	
1A	10000	10000	0xFFFF	
1B	10000	10000	0xFFFF	
1C	10000	10000	0xFFFF	
1D	10000	10000	0xFFFF	
20	10000	10000	0xFFEF	
21	10000	10000	0xFFEF	
22	10000	10000	0xFFEF	
23	10000	10000	0xFFEF	
24	10000	10000	0xFFEF	
25	10000	10000	0xFFEF	
27	10000	10000	0xF7FF	
28	10000	10000	0xFFFF	
29	10000	10000	0xFFFF	
2A	10000	10000	0xFFFF	
2B	10000	10000	0xFFFF	
2C	10000	10000	0xFFFF	
2D	10000	10000	0xFFFF	
2F	10000	10000	0xF7FF	
30	10000	10000	0xFFEF	
31	10000	10000	0xFFEF	
32	10000	10000	0xFFEF	
33	10000	10000	0xFFEF	
34	10000	10000	0xFFEF	
35	10000	10000	0xFFEF	
37	10000	10000	0xF73B	
38	10000	10000	0xFFFF	
39	10000	10000	0xFFFF	
3A	10000	10000	0xFFFF	
3B	10000	10000	0xFFFF	
3C	10000	10000	0xFFFF	
3D	10000	10000	0xFFFF	
3F	10000	10000	0xF73B	
40	10000	10000	0xFFFF	
43	10000	10000	0xFFFF	
48	10000	10000	0xFFFF	
4B	10000	10000	0xFFFF	
50	10000	10000	0xFFFF	
53	10000	10000	0xFFFF	
58	10000	10000	0xFFFF	
5B	10000	10000	0xFFFF	
70	10000	10000	0xFFFF	
72	10000	10000	0xFFFF	
74	10000	10000	0xFFFF	
75	10000	10000	0xFFFF	
76	10000	10000	0xFFFF	
78	10000	10000	0xFFFF	
7A	10000	10000	0xFFFF	
7C	10000	10000	0xFFFF	
7E	10000	10000	0xFFFF	
7F	10000	10000	0xFFFF	
88	10000	10000	0xFFFF	
90	10000	10000	0xFFFF	
A4	1483	1483	0xFFFF	
AC	1455	1009	0xFFFF	[6] es rep lodsb: AX = 0x3E46, attendu 0x3E78
AD	1515	1004	0xFFFF	[0] es rep lodsw: AX = 0x0159, attendu 0xC65C
C7	10000	10000	0xFFFF	
D0.4	10000	10000	0xFFEF	
D0.6	10000	10000	0xF72A	
D1.2	10000	10000	0xFFFF	
D1.3	10000	10000	0xFFFF	
D1.6	10000	10000	0xF72A	
D2.2	5000	5000	0xFFFF	
D2.3	5000	5000	0xFFFF	
D2.4	5000	5000	0xFFEF	
D2.5	5000	5000	0xFFEF	
D2.6	5000	5000	0xF72A	
D2.7	5000	5000	0xFFEF	
D3.2	5000	5000	0xFFFF	
D3.3	5000	5000	0xFFFF	
D3.4	5000	5000	0xFFEF	
D3.5	5000	5000	0xFFEF	
D3.6	5000	5000	0xF72A	
D3.7	5000	5000	0xFFEF	
D4	9953	9953	0xF7EE	
D5	10000	10000	0xF7EE	
E8	10000	10000	0xFFFF	
F6.4	10000	10000	0xFF2B	
F6.6	10000	10000	0xF72A	
F6.7	9696	9696	0xF72A	
F7.4	10000	10000	0xFF2B	
F7.6	10000	10000	0xF72A	
F7.7	9674	9674	0xF72A	
FF.0	10000	10000	0xFFFF	
