# Généré par : iXtal26.Diff --hardware-mode processeur sst386-probe --baseline (drapeaux indéfinis masqués : f_umask de 80386.csv, RM32)
# Cible : C# — ABI 57
# Le C# doit reproduire la colonne 'passe' de l'oracle à l'identique, pas la maximiser.
forme	passe	joues	hors_carte
00	2500	2500	0
01	2491	2500	0
02	2500	2500	0
03	2491	2500	0
04	2500	2500	0
05	2500	2500	0
06	1000	1000	0
07	997	1000	0
08	2500	2500	0
09	2491	2500	0
0A	2500	2500	0
0B	2491	2500	0
0C	2500	2500	0
0D	2500	2500	0
0E	1000	1000	0
0F06	100	100	0
0F80	500	500	0
0F81	500	500	0
0F82	500	500	0
0F83	500	500	0
0F84	500	500	0
0F85	500	500	0
0F86	500	500	0
0F87	500	500	0
0F88	500	500	0
0F89	500	500	0
0F8A	500	500	0
0F8B	500	500	0
0F8C	500	500	0
0F8D	500	500	0
0F8E	500	500	0
0F8F	500	500	0
0F90	500	500	0
0F91	500	500	0
0F92	500	500	0
0F93	500	500	0
0F94	500	500	0
0F95	500	500	0
0F96	500	500	0
0F97	500	500	0
0F98	500	500	0
0F99	500	500	0
0F9A	500	500	0
0F9B	500	500	0
0F9C	500	500	0
0F9D	500	500	0
0F9E	500	500	0
0F9F	500	500	0
0FA0	1000	1000	0
0FA1	996	1000	0
0FA3	2500	2500	0
0FA4	1535	2500	0
0FA5	1485	2500	0
0FA8	1000	1000	0
0FA9	996	1000	0
0FAB	2500	2500	0
0FAC	1501	2500	0
0FAD	1458	2500	0
0FAF	2488	2500	0
0FB2	2490	2500	0
0FB3	2500	2500	0
0FB4	2490	2500	0
0FB5	2490	2500	0
0FB6	2500	2500	0
0FB7	2487	2500	0
0FBA.4	2487	2500	0
0FBA.5	2487	2500	0
0FBA.6	2487	2500	0
0FBA.7	2487	2500	0
0FBB	2500	2500	0
0FBC	2487	2500	0
0FBD	2487	2500	0
0FBE	2500	2500	0
0FBF	2487	2500	0
10	2500	2500	0
11	2493	2500	0
12	2500	2500	0
13	2493	2500	0
14	2500	2500	0
15	2500	2500	0
16	1000	1000	0
17	997	1000	0
18	2500	2500	0
19	2492	2500	0
1A	2500	2500	0
1B	2492	2500	0
1C	2500	2500	0
1D	2500	2500	0
1E	1000	1000	0
1F	997	1000	0
20	2500	2500	0
21	2491	2500	0
22	2500	2500	0
23	2491	2500	0
24	2500	2500	0
25	2500	2500	0
27	2500	2500	0
28	2500	2500	0
29	2491	2500	0
2A	2500	2500	0
2B	2491	2500	0
2C	2500	2500	0
2D	2500	2500	0
2F	2500	2500	0
30	2500	2500	0
31	2491	2500	0
32	2500	2500	0
33	2491	2500	0
34	2500	2500	0
35	2500	2500	0
37	2500	2500	0
38	2500	2500	0
39	2491	2500	0
3A	2500	2500	0
3B	2491	2500	0
3C	2500	2500	0
3D	2500	2500	0
3F	2500	2500	0
40	500	500	0
41	500	500	0
42	500	500	0
43	500	500	0
44	500	500	0
45	500	500	0
46	500	500	0
47	500	500	0
48	500	500	0
49	500	500	0
4A	500	500	0
4B	500	500	0
4C	500	500	0
4D	500	500	0
4E	500	500	0
4F	500	500	0
50	1000	1000	0
51	1000	1000	0
52	1000	1000	0
53	1000	1000	0
54	1000	1000	0
55	1000	1000	0
56	1000	1000	0
57	1000	1000	0
58	997	1000	0
59	997	1000	0
5A	997	1000	0
5B	997	1000	0
5C	997	1000	0
5D	997	1000	0
5E	997	1000	0
5F	997	1000	0
60	2500	2500	0
61	2480	2500	0
62	2439	2500	0
6601	2488	2500	0
6603	2488	2500	0
6605	2500	2500	0
6606	1000	1000	0
6607	997	1000	0
6609	2488	2500	0
660B	2488	2500	0
660D	2500	2500	0
660E	1000	1000	0
660F80	499	500	0
660F81	500	500	0
660F82	499	500	0
660F83	500	500	0
660F84	499	500	0
660F85	500	500	0
660F86	499	500	0
660F87	500	500	0
660F88	499	500	0
660F89	500	500	0
660F8A	499	500	0
660F8B	500	500	0
660F8C	500	500	0
660F8D	499	500	0
660F8E	499	500	0
660F8F	500	500	0
660FA0	1000	1000	0
660FA1	996	1000	0
660FA3	2500	2500	0
660FA4	2485	2500	0
660FA5	2485	2500	0
660FA8	1000	1000	0
660FA9	996	1000	0
660FAB	2500	2500	0
660FAC	2486	2500	0
660FAD	2485	2500	0
660FAF	2486	2500	0
660FB2	2489	2500	0
660FB3	2500	2500	0
660FB4	2489	2500	0
660FB5	2489	2500	0
660FB6	2500	2500	0
660FB7	2487	2500	0
660FBA.4	2485	2500	0
660FBA.5	2485	2500	0
660FBA.6	2485	2500	0
660FBA.7	2485	2500	0
660FBB	2500	2500	0
660FBC	2485	2500	0
660FBD	2485	2500	0
660FBE	2500	2500	0
660FBF	2487	2500	0
6611	2490	2500	0
6613	2490	2500	0
6615	2500	2500	0
6616	1000	1000	0
6617	997	1000	0
6619	2489	2500	0
661B	2489	2500	0
661D	2500	2500	0
661E	1000	1000	0
661F	997	1000	0
6621	2488	2500	0
6623	2488	2500	0
6625	2500	2500	0
6629	2488	2500	0
662B	2488	2500	0
662D	2500	2500	0
6631	2488	2500	0
6633	2488	2500	0
6635	2500	2500	0
6639	2488	2500	0
663B	2488	2500	0
663D	2500	2500	0
6640	500	500	0
6641	500	500	0
6642	500	500	0
6643	500	500	0
6644	500	500	0
6645	500	500	0
6646	500	500	0
6647	500	500	0
6648	500	500	0
6649	500	500	0
664A	500	500	0
664B	500	500	0
664C	500	500	0
664D	500	500	0
664E	500	500	0
664F	500	500	0
6650	1000	1000	0
6651	1000	1000	0
6652	1000	1000	0
6653	1000	1000	0
6654	1000	1000	0
6655	1000	1000	0
6656	1000	1000	0
6657	1000	1000	0
6658	962	1000	0
6659	961	1000	0
665A	963	1000	0
665B	963	1000	0
665C	961	1000	0
665D	960	1000	0
665E	961	1000	0
665F	961	1000	0
6660	2492	2500	0
6661	178	2500	0
6662	2440	2500	0
6668	1000	1000	0
6669	2487	2500	0
666A	1000	1000	0
666B	2487	2500	0
666D	736	1000	0
666F	737	999	0
6670	500	500	0
6671	500	500	0
6672	500	500	0
6673	500	500	0
6674	500	500	0
6675	500	500	0
6676	500	500	0
6677	500	500	0
6678	500	500	0
6679	500	500	0
667A	500	500	0
667B	500	500	0
667C	500	500	0
667D	500	500	0
667E	500	500	0
667F	500	500	0
6681.0	2488	2500	0
6681.1	2488	2500	0
6681.2	2488	2500	0
6681.3	2488	2500	0
6681.4	2488	2500	0
6681.5	2488	2500	0
6681.6	2488	2500	0
6681.7	2488	2500	0
6683.0	2488	2500	0
6683.1	2488	2500	0
6683.2	2488	2500	0
6683.3	2488	2500	0
6683.4	2488	2500	0
6683.5	2488	2500	0
6683.6	2488	2500	0
6683.7	2488	2500	0
6685	2488	2500	0
6687	999	1000	0
6689	1000	1000	0
668B	1000	1000	0
668C	978	1000	0
668D	2500	2500	0
668E	975	1000	0
668F	917	1000	0
6690	100	100	0
6691	100	100	0
6692	100	100	0
6693	100	100	0
6694	100	100	0
6695	100	100	0
6696	100	100	0
6697	100	100	0
6698	500	500	0
6699	500	500	0
669A	2500	2500	0
669C	21	1000	0
669D	21	1000	0
66A1	2500	2500	0
66A3	2500	2500	0
66A5	1911	2500	0
66A7	2037	2500	0
66AB	2010	2500	0
66AD	1984	2500	0
66AF	2166	2500	0
66B8	500	500	0
66B9	500	500	0
66BA	500	500	0
66BB	500	500	0
66BC	500	500	0
66BD	500	500	0
66BE	500	500	0
66BF	500	500	0
66C1.0	2485	2500	0
66C1.1	2485	2500	0
66C1.2	2485	2500	0
66C1.3	2485	2500	0
66C1.4	2485	2500	0
66C1.5	2485	2500	0
66C1.6	2485	2500	0
66C1.7	2485	2500	0
66C2	2259	2500	0
66C3	2264	2500	0
66C4	2482	2500	0
66C5	2482	2500	0
66C7	2485	2500	0
66C8	98	2500	0
66C9	262	2500	0
66CA	2284	2500	0
66CB	2269	2500	0
66CF	63	2500	0
66D1.0	2485	2500	0
66D1.1	2485	2500	0
66D1.2	2485	2500	0
66D1.3	2485	2500	0
66D1.4	2485	2500	0
66D1.5	2485	2500	0
66D1.6	2485	2500	0
66D1.7	2485	2500	0
66D3.0	2485	2500	0
66D3.1	2485	2500	0
66D3.2	2485	2500	0
66D3.3	2485	2500	0
66D3.4	2485	2500	0
66D3.5	2485	2500	0
66D3.6	2485	2500	0
66D3.7	2485	2500	0
66E0	500	500	0
66E1	500	500	0
66E2	500	500	0
66E3	500	500	0
66E5	495	500	0
66E7	500	500	0
66E8	2500	2500	0
66E9	2500	2500	0
66EA	2500	2500	0
66EB	2500	2500	0
66ED	500	500	0
66EF	500	500	0
66F7.0	2487	2500	0
66F7.1	2487	2500	0
66F7.2	2487	2500	0
66F7.3	2487	2500	0
66F7.4	2488	2500	0
66F7.5	2488	2500	0
66F7.6	2495	2500	0
66F7.7	2492	2500	0
6700	2090	2500	0
6701	2067	2500	0
6702	2099	2500	0
6703	2078	2500	0
6708	2090	2500	0
6709	2068	2500	0
670A	2104	2500	0
670B	2080	2500	0
670F90	421	500	0
670F91	420	500	0
670F92	424	500	0
670F93	423	500	0
670F94	419	500	0
670F95	419	500	0
670F96	419	500	0
670F97	420	500	0
670F98	420	500	0
670F99	420	500	0
670F9A	422	500	0
670F9B	421	500	0
670F9C	423	500	0
670F9D	423	500	0
670F9E	423	500	0
670F9F	422	500	0
670FA3	2050	2500	0
670FA4	1289	2500	0
670FA5	1245	2500	0
670FAB	2040	2500	0
670FAC	1270	2500	0
670FAD	1221	2500	0
670FAF	2086	2500	0
670FB2	1981	2500	0
670FB3	2047	2500	0
670FB4	1981	2500	0
670FB5	1981	2500	0
670FB6	2101	2500	0
670FB7	2082	2500	0
670FBA.4	2093	2500	0
670FBA.5	2082	2500	0
670FBA.6	2083	2500	0
670FBA.7	2078	2500	0
670FBB	2039	2500	0
670FBC	2084	2500	0
670FBD	2100	2500	0
670FBE	2102	2500	0
670FBF	2082	2500	0
6710	2082	2500	0
6711	2066	2500	0
6712	2094	2500	0
6713	2075	2500	0
6718	2086	2500	0
6719	2064	2500	0
671A	2096	2500	0
671B	2078	2500	0
6720	2086	2500	0
6721	2066	2500	0
6722	2105	2500	0
6723	2082	2500	0
6728	2085	2500	0
6729	2067	2500	0
672A	2098	2500	0
672B	2076	2500	0
6730	2085	2500	0
6731	2064	2500	0
6732	2093	2500	0
6733	2074	2500	0
6738	2096	2500	0
6739	2078	2500	0
673A	2095	2500	0
673B	2074	2500	0
6762	1328	2500	0
676601	2064	2500	0
676603	2076	2500	0
676609	2067	2500	0
67660B	2077	2500	0
67660FA3	2027	2500	0
67660FA4	2076	2500	0
67660FA5	2076	2500	0
67660FAB	2019	2500	0
67660FAC	2083	2500	0
67660FAD	2084	2500	0
67660FAF	2084	2500	0
67660FB2	1979	2500	0
67660FB3	2024	2500	0
67660FB4	1979	2500	0
67660FB5	1979	2500	0
67660FB6	2101	2500	0
67660FB7	2082	2500	0
67660FBA.4	2097	2500	0
67660FBA.5	2083	2500	0
67660FBA.6	2084	2500	0
67660FBA.7	2077	2500	0
67660FBB	2014	2500	0
67660FBC	2083	2500	0
67660FBD	2101	2500	0
67660FBE	2102	2500	0
67660FBF	2082	2500	0
676611	2062	2500	0
676613	2073	2500	0
676619	2064	2500	0
67661B	2077	2500	0
676621	2065	2500	0
676623	2078	2500	0
676629	2065	2500	0
67662B	2074	2500	0
676631	2061	2500	0
676633	2071	2500	0
676639	2077	2500	0
67663B	2073	2500	0
676662	1386	2500	0
676669	2106	2500	0
67666B	2101	2500	0
67666D	745	1000	0
67666F	751	1000	0
676681.0	2077	2500	0
676681.1	2077	2500	0
676681.2	2077	2500	0
676681.3	2077	2500	0
676681.4	2077	2500	0
676681.5	2077	2500	0
676681.6	2077	2500	0
676681.7	2091	2500	0
676683.0	2071	2500	0
676683.1	2072	2500	0
676683.2	2072	2500	0
676683.3	2070	2500	0
676683.4	2069	2500	0
676683.5	2070	2500	0
676683.6	2069	2500	0
676683.7	2083	2500	0
676685	2094	2500	0
676687	816	1000	0
676689	967	1000	0
67668B	968	1000	0
67668C	823	1000	0
67668D	2474	2500	0
67668E	803	1000	0
67668F	786	1000	0
6766A1	2500	2500	0
6766A3	2500	2500	0
6766A5	2112	2500	0
6766A7	2243	2500	0
6766AB	2031	2500	0
6766AD	2005	2500	0
6766AF	2171	2500	0
6766C1.0	2104	2500	0
6766C1.1	2102	2500	0
6766C1.2	2102	2500	0
6766C1.3	2103	2500	0
6766C1.4	2102	2500	0
6766C1.5	2102	2500	0
6766C1.6	2102	2500	0
6766C1.7	2102	2500	0
6766C4	1977	2500	0
6766C5	1978	2500	0
6766C7	2133	2500	0
6766D1.0	2096	2500	0
6766D1.1	2096	2500	0
6766D1.2	2096	2500	0
6766D1.3	2096	2500	0
6766D1.4	2095	2500	0
6766D1.5	2095	2500	0
6766D1.6	2095	2500	0
6766D1.7	2095	2500	0
6766D3.0	2099	2500	0
6766D3.1	2098	2500	0
6766D3.2	2098	2500	0
6766D3.3	2098	2500	0
6766D3.4	2098	2500	0
6766D3.5	2098	2500	0
6766D3.6	2098	2500	0
6766D3.7	2099	2500	0
6766E0	500	500	0
6766E1	500	500	0
6766E2	500	500	0
6766E3	500	500	0
6766F7.0	2117	2500	0
6766F7.1	2111	2500	0
6766F7.2	2089	2500	0
6766F7.3	2089	2500	0
6766F7.4	2103	2500	0
6766F7.5	2103	2500	0
6766F7.6	2257	2500	0
6766F7.7	2202	2500	0
6769	2103	2500	0
676B	2103	2500	0
676C	780	1000	0
676D	746	1000	0
676E	779	1000	0
676F	750	1000	0
6780.0	2094	2500	0
6780.1	2095	2500	0
6780.2	2094	2500	0
6780.3	2094	2500	0
6780.4	2093	2500	0
6780.5	2092	2500	0
6780.6	2092	2500	0
6780.7	2109	2500	0
6781.0	2073	2500	0
6781.1	2075	2500	0
6781.2	2073	2500	0
6781.3	2073	2500	0
6781.4	2073	2500	0
6781.5	2073	2500	0
6781.6	2073	2500	0
6781.7	2088	2500	0
6782.0	2094	2500	0
6782.1	2095	2500	0
6782.2	2094	2500	0
6782.3	2095	2500	0
6782.4	2092	2500	0
6782.5	2092	2500	0
6782.6	2092	2500	0
6782.7	2105	2500	0
6783.0	2074	2500	0
6783.1	2075	2500	0
6783.2	2074	2500	0
6783.3	2074	2500	0
6783.4	2072	2500	0
6783.5	2072	2500	0
6783.6	2072	2500	0
6783.7	2089	2500	0
6784	2114	2500	0
6785	2097	2500	0
6786	826	1000	0
6787	816	1000	0
6788	969	1000	0
6789	967	1000	0
678A	969	1000	0
678B	968	1000	0
678C	823	1000	0
678D	2474	2500	0
678E	803	1000	0
678F	816	1000	0
67A0	2500	2500	0
67A1	2500	2500	0
67A2	2500	2500	0
67A3	2500	2500	0
67A4	2107	2500	0
67A5	2110	2500	0
67A6	2243	2500	0
67A7	2243	2500	0
67AA	2116	2500	0
67AB	2032	2500	0
67AC	2081	2500	0
67AD	2006	2500	0
67AE	2283	2500	0
67AF	2175	2500	0
67C0.0	2128	2500	0
67C0.1	2127	2500	0
67C0.2	2130	2500	0
67C0.3	2131	2500	0
67C0.4	2128	2500	0
67C0.5	2127	2500	0
67C0.6	2126	2500	0
67C0.7	2128	2500	0
67C1.0	2106	2500	0
67C1.1	2103	2500	0
67C1.2	2103	2500	0
67C1.3	2104	2500	0
67C1.4	2103	2500	0
67C1.5	2103	2500	0
67C1.6	2103	2500	0
67C1.7	2103	2500	0
67C4	1977	2500	0
67C5	1978	2500	0
67C6	2136	2500	0
67C7	2127	2500	0
67D0.0	2120	2500	0
67D0.1	2120	2500	0
67D0.2	2120	2500	0
67D0.3	2120	2500	0
67D0.4	2120	2500	0
67D0.5	2120	2500	0
67D0.6	2121	2500	0
67D0.7	2120	2500	0
67D1.0	2097	2500	0
67D1.1	2097	2500	0
67D1.2	2097	2500	0
67D1.3	2097	2500	0
67D1.4	2096	2500	0
67D1.5	2096	2500	0
67D1.6	2096	2500	0
67D1.7	2096	2500	0
67D2.0	2122	2500	0
67D2.1	2124	2500	0
67D2.2	2122	2500	0
67D2.3	2122	2500	0
67D2.4	2064	2500	0
67D2.5	2053	2500	0
67D2.6	2124	2500	0
67D2.7	2123	2500	0
67D3.0	2100	2500	0
67D3.1	2099	2500	0
67D3.2	2100	2500	0
67D3.3	2099	2500	0
67D3.4	2099	2500	0
67D3.5	2100	2500	0
67D3.6	2099	2500	0
67D3.7	2101	2500	0
67D7	2500	2500	0
67E0	500	500	0
67E1	500	500	0
67E2	500	500	0
67E3	500	500	0
67F6.0	2133	2500	0
67F6.1	2129	2500	0
67F6.2	2113	2500	0
67F6.3	2113	2500	0
67F6.4	2126	2500	0
67F6.5	2126	2500	0
67F6.6	2259	2500	0
67F6.7	2179	2500	0
67F7.0	2110	2500	0
67F7.1	2109	2500	0
67F7.2	2090	2500	0
67F7.3	2090	2500	0
67F7.4	2105	2500	0
67F7.5	2105	2500	0
67F7.6	2251	2500	0
67F7.7	2154	2500	0
68	1000	1000	0
69	2489	2500	0
6A	1000	1000	0
6B	2489	2500	0
6C	768	1000	0
6D	736	1000	0
6E	766	1000	0
6F	735	1000	0
70	500	500	0
71	500	500	0
72	500	500	0
73	500	500	0
74	500	500	0
75	500	500	0
76	500	500	0
77	500	500	0
78	500	500	0
79	500	500	0
7A	500	500	0
7B	500	500	0
7C	500	500	0
7D	500	500	0
7E	500	500	0
7F	500	500	0
80.0	2500	2500	0
80.1	2500	2500	0
80.2	2500	2500	0
80.3	2500	2500	0
80.4	2500	2500	0
80.5	2500	2500	0
80.6	2500	2500	0
80.7	2500	2500	0
81.0	2491	2500	0
81.1	2491	2500	0
81.2	2491	2500	0
81.3	2491	2500	0
81.4	2491	2500	0
81.5	2491	2500	0
81.6	2491	2500	0
81.7	2491	2500	0
82.0	2500	2500	0
82.1	2500	2500	0
82.2	2500	2500	0
82.3	2500	2500	0
82.4	2500	2500	0
82.5	2500	2500	0
82.6	2500	2500	0
82.7	2500	2500	0
83.0	2491	2500	0
83.1	2491	2500	0
83.2	2491	2500	0
83.3	2491	2500	0
83.4	2491	2500	0
83.5	2491	2500	0
83.6	2491	2500	0
83.7	2491	2500	0
84	2500	2500	0
85	2491	2500	0
86	1000	1000	0
87	1000	1000	0
88	1000	1000	0
89	1000	1000	0
8A	1000	1000	0
8B	1000	1000	0
8C	978	1000	0
8D	2500	2500	0
8E	975	1000	0
8F	956	1000	0
90	100	100	0
91	100	100	0
92	100	100	0
93	100	100	0
94	100	100	0
95	100	100	0
96	100	100	0
97	100	100	0
98	500	500	0
99	500	500	0
9A	2500	2500	0
9B	2500	2500	0
9C	1000	1000	0
9D	993	1000	0
9E	1000	1000	0
9F	1000	1000	0
A0	2500	2500	0
A1	2500	2500	0
A2	2500	2500	0
A3	2500	2500	0
A4	2083	2500	0
A5	1916	2500	0
A6	2240	2500	0
A7	2041	2500	0
A8	2500	2500	0
A9	2500	2500	0
AA	2067	2500	0
AB	2010	2500	0
AC	2066	2500	0
AD	1985	2500	0
AE	2268	2500	0
AF	2170	2500	0
B0	500	500	0
B1	500	500	0
B2	500	500	0
B3	500	500	0
B4	500	500	0
B5	500	500	0
B6	500	500	0
B7	500	500	0
B8	500	500	0
B9	500	500	0
BA	500	500	0
BB	500	500	0
BC	500	500	0
BD	500	500	0
BE	500	500	0
BF	500	500	0
C0.0	2500	2500	0
C0.1	2500	2500	0
C0.2	2500	2500	0
C0.3	2500	2500	0
C0.4	2500	2500	0
C0.5	2500	2500	0
C0.6	2500	2500	0
C0.7	2500	2500	0
C1.0	2488	2500	0
C1.1	2488	2500	0
C1.2	2488	2500	0
C1.3	2488	2500	0
C1.4	2488	2500	0
C1.5	2488	2500	0
C1.6	2488	2500	0
C1.7	2488	2500	0
C2	2481	2500	0
C3	2482	2500	0
C4	2482	2500	0
C5	2482	2500	0
C6	2500	2500	0
C7	2487	2500	0
C8	373	2500	0
C9	2407	2500	0
CA	2393	2500	0
CB	2392	2500	0
CC	100	100	0
CD	2500	2500	0
CE	500	500	0
CF	2500	2500	0
D0.0	2499	2500	0
D0.1	2499	2500	0
D0.2	2499	2500	0
D0.3	2499	2500	0
D0.4	2499	2500	0
D0.5	2499	2500	0
D0.6	2499	2500	0
D0.7	2499	2500	0
D1.0	2487	2500	0
D1.1	2487	2500	0
D1.2	2487	2500	0
D1.3	2487	2500	0
D1.4	2487	2500	0
D1.5	2487	2500	0
D1.6	2487	2500	0
D1.7	2487	2500	0
D2.0	2499	2500	0
D2.1	2499	2500	0
D2.2	2499	2500	0
D2.3	2499	2500	0
D2.4	2417	2500	0
D2.5	2426	2500	0
D2.6	2499	2500	0
D2.7	2499	2500	0
D3.0	2487	2500	0
D3.1	2487	2500	0
D3.2	2487	2500	0
D3.3	2487	2500	0
D3.4	2487	2500	0
D3.5	2487	2500	0
D3.6	2487	2500	0
D3.7	2487	2500	0
D4	2490	2500	0
D5	2500	2500	0
D6	100	100	0
D7	2500	2500	0
E0	500	500	0
E1	500	500	0
E2	500	500	0
E3	500	500	0
E4	500	500	0
E5	499	500	0
E6	500	500	0
E7	500	500	0
E8	2500	2500	0
E9	2500	2500	0
EA	2500	2500	0
EB	2500	2500	0
EC	500	500	0
ED	500	500	0
EE	500	500	0
EF	500	500	0
F4	100	100	0
F5	100	100	0
F6.0	2500	2500	0
F6.1	2500	2500	0
F6.2	2499	2500	0
F6.3	2499	2500	0
F6.4	2499	2500	0
F6.5	2499	2500	0
F6.6	2498	2500	0
F6.7	2493	2500	0
F7.0	2489	2500	0
F7.1	2489	2500	0
F7.2	2488	2500	0
F7.3	2488	2500	0
F7.4	2489	2500	0
F7.5	2489	2500	0
F7.6	2495	2500	0
F7.7	2494	2500	0
F8	100	100	0
F9	100	100	0
FA	100	100	0
FB	100	100	0
FC	100	100	0
FD	100	100	0
FE.0	2499	2500	0
FE.1	2499	2500	0
FF.0	2487	2500	0
FF.1	2487	2500	0
FF.2	2484	2500	0
FF.3	2468	2500	0
FF.4	2484	2500	0
FF.5	2468	2500	0
FF.6	2488	2500	0
