# Les sources primaires de iXtal26/Docs/ibm5150/. Une ligne par document, séparée par des tabulations.
# id	sha256	fichier	url	titre	référence	date
# Un sha256 à « - » se remplit au premier téléchargement (tools/fetch-sources.sh) ; ensuite il fait foi.
I1	717194ec03520d6499a40523abdfd4ed15a2b8ccc45a21c653e2b443c248664c	9800722-03_The_8086_Family_Users_Manual_Oct79.pdf	https://ftp.mirrorservice.org/sites/www.bitsavers.org/components/intel/8086/9800722-03_The_8086_Family_Users_Manual_Oct79.pdf	Intel, The 8086 Family User's Manual	9800722-03	1979-10
I2	87980f829b7ecde8760d3d73de106afcfba8a8ebe507862bb9c4b19f9082b044	1981_Intel_Component_Data_Catalog.pdf	https://ftp.mirrorservice.org/sites/www.bitsavers.org/components/intel/_dataBooks/1981_Intel_Component_Data_Catalog.pdf	Intel, Component Data Catalog	-	1981
T1	70058fad66c9af1ffca8e2ef624632d31bd6ece9be1bd4b334e2cc6e62411623	IBM_5150_Technical_Reference_6322507_APR84.pdf	https://www.lo-tech.co.uk/downloads/manuals/ibm-pc/IBM_5150_Technical_Reference_6322507_APR84.pdf	IBM, Personal Computer Technical Reference (édition révisée)	6322507	1984-04
T2	9ec3ccc88f2a42e8b257def62a38d310c75b2dcc676f5bfc4c71873bc7092fca	6025008_PC_Technical_Reference_Aug81.pdf	https://ftp.mirrorservice.org/sites/www.bitsavers.org/pdf/ibm/pc/pc/6025008_PC_Technical_Reference_Aug81.pdf	IBM, Personal Computer Technical Reference	6025008	1981-08
T3	21586244cfbab7cfa47f1c89b63e44c392af03c883eb693c6cd6680c82ccf98c	Technical_Reference_Options_and_Adapters_Volume_1_Apr84.pdf	https://ftp.mirrorservice.org/sites/www.bitsavers.org/pdf/ibm/pc/cards/Technical_Reference_Options_and_Adapters_Volume_1_Apr84.pdf	IBM, Technical Reference Options and Adapters, Volume 1	-	1984-04
T4	b5bf24ea3e63082d5c637db8b08469c6d4929b4b9f6b7b24c7a211338b42a15f	Technical_Reference_Options_and_Adapters_Volume_2_Apr84.pdf	https://ftp.mirrorservice.org/sites/www.bitsavers.org/pdf/ibm/pc/cards/Technical_Reference_Options_and_Adapters_Volume_2_Apr84.pdf	IBM, Technical Reference Options and Adapters, Volume 2	-	1984-04
N1	e8b07db283aad56358cdace1bf4ac179f961484d10d6c1700b74d9734eea1117	uPD765_Data_Sheet_Dec78.pdf	https://ftp.mirrorservice.org/sites/www.bitsavers.org/components/nec/_dataSheets/uPD765_Data_Sheet_Dec78.pdf	NEC, µPD765 Single/Double Density Floppy-Disk Controller	-	1978-12
M1	84ae68617c23e3b3057dce86f4a04a5be5d890d108bce8e9bb928bfdd2759dcf	6845.pdf	https://ftp.mirrorservice.org/sites/www.bitsavers.org/components/motorola/_dataSheets/6845.pdf	Motorola, MC6845 CRT Controller	-	-
S1	71cacc48c5c23ba69b64c3215bffd992a3b2096c3d9ea2fc869ac4ed66118c7c	1987_National_Microcommunications_Elements_Databook_UARTs_NSC800_Family.pdf	https://ftp.mirrorservice.org/sites/www.bitsavers.org/components/national/_dataBooks/1987_National_Microcommunications_Elements_Databook_UARTs_NSC800_Family.pdf	National Semiconductor, Microcommunications Elements Databook (INS8250)	-	1987
S2	f7406b090f94f5b548f6716fb1635dde4ef7c9ed37dc47e7bf770f3677e9fbef	AN-0493_A_Comparision_of_the_INS8250_NS16450_and_NS16550AF_Series_of_UARTs_Apr89.pdf	https://ftp.mirrorservice.org/sites/www.bitsavers.org/components/national/_appNotes/AN-0493_A_Comparision_of_the_INS8250_NS16450_and_NS16550AF_Series_of_UARTs_Apr89.pdf	National Semiconductor, AN-493 : INS8250, NS16450 et NS16550AF comparés	AN-493	1989-04
