# Généré par : iXtal26.Diff --hardware-mode processeur sst286-probe --limit 150 --baseline (drapeaux indéfinis masqués : flags-mask de metadata.json, RMSK)
# Cible : C# — ABI 57, cœur 286
# Le C# doit reproduire la colonne 'passe' de l'oracle à l'identique, pas la maximiser.
forme	passe	joues	hors_carte
00	150	150	0
01	149	150	0
02	150	150	0
03	149	150	0
04	150	150	0
05	150	150	0
06	150	150	0
07	149	150	0
08	150	150	0
09	148	150	0
0A	150	150	0
0B	149	150	0
0C	150	150	0
0D	150	150	0
0E	150	150	0
10	150	150	0
11	149	150	0
12	150	150	0
13	149	150	0
14	150	150	0
15	150	150	0
16	150	150	0
17	150	150	0
18	150	150	0
19	149	150	0
1A	150	150	0
1B	149	150	0
1C	150	150	0
1D	150	150	0
1E	150	150	0
1F	150	150	0
20	150	150	0
21	149	150	0
22	150	150	0
23	149	150	0
24	150	150	0
25	150	150	0
27	150	150	0
28	150	150	0
29	149	150	0
2A	150	150	0
2B	150	150	0
2C	150	150	0
2D	150	150	0
2F	150	150	0
30	150	150	0
31	147	150	0
32	150	150	0
33	147	150	0
34	150	150	0
35	150	150	0
37	150	150	0
38	150	150	0
39	147	150	0
3A	150	150	0
3B	147	150	0
3C	150	150	0
3D	150	150	0
3F	150	150	0
40	150	150	0
41	150	150	0
42	150	150	0
43	150	150	0
44	150	150	0
45	150	150	0
46	150	150	0
47	150	150	0
48	150	150	0
49	150	150	0
4A	150	150	0
4B	150	150	0
4C	150	150	0
4D	150	150	0
4E	150	150	0
4F	150	150	0
50	150	150	0
51	150	150	0
52	150	150	0
53	150	150	0
54	150	150	0
55	150	150	0
56	150	150	0
57	150	150	0
58	150	150	0
59	150	150	0
5A	150	150	0
5B	150	150	0
5C	150	150	0
5D	150	150	0
5E	150	150	0
5F	150	150	0
60	150	150	0
61	150	150	0
62	149	150	0
68	150	150	0
69	149	150	0
6A	150	150	0
6B	149	150	0
6C	105	150	0
6D	97	150	0
6E	106	150	0
6F	99	150	0
70	150	150	0
71	150	150	0
72	150	150	0
73	150	150	0
74	150	150	0
75	150	150	0
76	150	150	0
77	150	150	0
78	150	150	0
79	150	150	0
7A	150	150	0
7B	150	150	0
7C	150	150	0
7D	150	150	0
7E	150	150	0
7F	150	150	0
80.0	150	150	0
80.1	150	150	0
80.2	150	150	0
80.3	150	150	0
80.4	150	150	0
80.5	150	150	0
80.6	150	150	0
80.7	150	150	0
81.0	150	150	0
81.1	150	150	0
81.2	150	150	0
81.3	150	150	0
81.4	150	150	0
81.5	150	150	0
81.6	150	150	0
81.7	150	150	0
82.0	150	150	0
82.1	150	150	0
82.2	150	150	0
82.3	150	150	0
82.4	150	150	0
82.5	150	150	0
82.6	150	150	0
82.7	150	150	0
83.0	150	150	0
83.1	150	150	0
83.2	150	150	0
83.3	150	150	0
83.4	150	150	0
83.5	150	150	0
83.6	150	150	0
83.7	150	150	0
84	150	150	0
85	150	150	0
86	150	150	0
87	150	150	0
88	150	150	0
89	150	150	0
8A	150	150	0
8B	150	150	0
8C	147	150	0
8D	150	150	0
8E	111	150	0
8F	145	150	0
90	150	150	0
91	150	150	0
92	150	150	0
93	150	150	0
94	150	150	0
95	150	150	0
96	150	150	0
97	150	150	0
98	150	150	0
99	150	150	0
9A	150	150	0
9B	150	150	0
9C	150	150	0
9D	150	150	0
9E	150	150	0
9F	150	150	0
A0	150	150	0
A1	150	150	0
A2	150	150	0
A3	150	150	0
A4	136	150	0
A5	129	150	0
A6	141	150	0
A7	134	150	0
A8	150	150	0
A9	150	150	0
AA	132	150	0
AB	127	150	0
AC	129	150	0
AD	127	150	0
AE	142	150	0
AF	139	150	0
B0	150	150	0
B1	150	150	0
B2	150	150	0
B3	150	150	0
B4	150	150	0
B5	150	150	0
B6	150	150	0
B7	150	150	0
B8	150	150	0
B9	150	150	0
BA	150	150	0
BB	150	150	0
BC	150	150	0
BD	150	150	0
BE	150	150	0
BF	150	150	0
C0.0	150	150	0
C0.1	150	150	0
C0.2	150	150	0
C0.3	150	150	0
C0.4	150	150	0
C0.5	150	150	0
C0.6	150	150	0
C0.7	150	150	0
C1.0	147	150	0
C1.1	147	150	0
C1.2	147	150	0
C1.3	147	150	0
C1.4	147	150	0
C1.5	147	150	0
C1.6	147	150	0
C1.7	147	150	0
C2	148	150	0
C3	148	150	0
C4	148	150	0
C5	148	150	0
C6	150	150	0
C7	148	150	0
C8	24	150	0
C9	145	150	0
CA	140	150	0
CB	141	150	0
CC	150	150	0
CD	150	150	0
CE	150	150	0
CF	150	150	0
D0.0	150	150	0
D0.1	150	150	0
D0.2	150	150	0
D0.3	150	150	0
D0.4	150	150	0
D0.5	150	150	0
D0.6	150	150	0
D0.7	150	150	0
D1.0	149	150	0
D1.1	149	150	0
D1.2	149	150	0
D1.3	149	150	0
D1.4	149	150	0
D1.5	149	150	0
D1.6	149	150	0
D1.7	149	150	0
D2.0	150	150	0
D2.1	150	150	0
D2.2	150	150	0
D2.3	150	150	0
D2.4	150	150	0
D2.5	150	150	0
D2.6	150	150	0
D2.7	150	150	0
D3.0	149	150	0
D3.1	149	150	0
D3.2	149	150	0
D3.3	149	150	0
D3.4	149	150	0
D3.5	149	150	0
D3.6	149	150	0
D3.7	149	150	0
D4	150	150	0
D5	150	150	0
D6	150	150	0
D7	150	150	0
D8	148	150	0
E0	150	150	0
E1	150	150	0
E2	150	150	0
E3	150	150	0
E4	150	150	0
E5	150	150	0
E6	150	150	0
E7	150	150	0
E8	150	150	0
E9	150	150	0
EA	150	150	0
EB	150	150	0
EC	150	150	0
ED	150	150	0
EE	150	150	0
EF	150	150	0
F4	150	150	0
F5	150	150	0
F6.0	150	150	0
F6.1	150	150	0
F6.2	150	150	0
F6.3	150	150	0
F6.4	150	150	0
F6.5	150	150	0
F6.6	150	150	0
F6.7	150	150	0
F7.0	146	150	0
F7.1	146	150	0
F7.2	146	150	0
F7.3	146	150	0
F7.4	146	150	0
F7.5	146	150	0
F7.6	146	150	0
F7.7	146	150	0
F8	150	150	0
F9	150	150	0
FA	150	150	0
FB	150	150	0
FC	150	150	0
FD	150	150	0
FE.0	150	150	0
FE.1	150	150	0
FF.0	146	150	0
FF.1	146	150	0
FF.2	146	150	0
FF.3	115	150	0
FF.4	146	150	0
FF.5	113	150	0
FF.6	146	150	0
