# Généré par : iXtal26.Diff sst386-probe --limit 150 --baseline (drapeaux indéfinis masqués : f_umask de 80386.csv, RM32)
# Cible : oracle — ABI 57
# Le C# doit reproduire la colonne 'passe' de l'oracle à l'identique, pas la maximiser.
forme	passe	joues	hors_carte
00	150	150	0
01	148	150	0
02	145	150	0
03	143	150	0
04	150	150	0
05	150	150	0
06	146	150	0
07	146	150	0
08	150	150	0
09	147	150	0
0A	145	150	0
0B	143	150	0
0C	150	150	0
0D	150	150	0
0E	145	150	0
0F06	97	100	0
0F80	150	150	0
0F81	150	150	0
0F82	150	150	0
0F83	150	150	0
0F84	150	150	0
0F85	150	150	0
0F86	150	150	0
0F87	150	150	0
0F88	150	150	0
0F89	150	150	0
0F8A	150	150	0
0F8B	150	150	0
0F8C	150	150	0
0F8D	150	150	0
0F8E	150	150	0
0F8F	150	150	0
0F90	147	150	0
0F91	146	150	0
0F92	145	150	0
0F93	145	150	0
0F94	146	150	0
0F95	146	150	0
0F96	147	150	0
0F97	146	150	0
0F98	147	150	0
0F99	147	150	0
0F9A	146	150	0
0F9B	146	150	0
0F9C	147	150	0
0F9D	147	150	0
0F9E	147	150	0
0F9F	147	150	0
0FA0	146	150	0
0FA1	145	150	0
0FA3	110	150	0
0FA4	91	150	0
0FA5	76	150	0
0FA8	144	150	0
0FA9	146	150	0
0FAB	97	150	0
0FAC	94	150	0
0FAD	80	150	0
0FAF	141	150	0
0FB2	144	150	0
0FB3	111	150	0
0FB4	143	150	0
0FB5	143	150	0
0FB6	143	150	0
0FB7	144	150	0
0FBA.4	107	150	0
0FBA.5	83	150	0
0FBA.6	113	150	0
0FBA.7	83	150	0
0FBB	94	150	0
0FBC	143	150	0
0FBD	143	150	0
0FBE	144	150	0
0FBF	7	150	0
10	141	150	0
11	141	150	0
12	139	150	0
13	140	150	0
14	143	150	0
15	140	150	0
16	146	150	0
17	146	150	0
18	149	150	0
19	148	150	0
1A	148	150	0
1B	147	150	0
1C	150	150	0
1D	150	150	0
1E	146	150	0
1F	146	150	0
20	149	150	0
21	149	150	0
22	147	150	0
23	146	150	0
24	150	150	0
25	150	150	0
27	150	150	0
28	149	150	0
29	148	150	0
2A	147	150	0
2B	146	150	0
2C	150	150	0
2D	150	150	0
2F	142	150	0
30	150	150	0
31	149	150	0
32	144	150	0
33	143	150	0
34	150	150	0
35	150	150	0
37	139	150	0
38	144	150	0
39	143	150	0
3A	144	150	0
3B	143	150	0
3C	150	150	0
3D	150	150	0
3F	137	150	0
40	150	150	0
41	150	150	0
42	150	150	0
43	150	150	0
44	150	150	0
45	150	150	0
46	150	150	0
47	150	150	0
48	150	150	0
49	150	150	0
4A	150	150	0
4B	150	150	0
4C	150	150	0
4D	150	150	0
4E	150	150	0
4F	150	150	0
50	148	150	0
51	148	150	0
52	148	150	0
53	148	150	0
54	148	150	0
55	147	150	0
56	147	150	0
57	147	150	0
58	145	150	0
59	145	150	0
5A	144	150	0
5B	144	150	0
5C	144	150	0
5D	144	150	0
5E	145	150	0
5F	145	150	0
60	145	150	0
61	145	150	0
62	130	150	0
6601	148	150	0
6603	143	150	0
6605	150	150	0
6606	146	150	0
6607	146	150	0
6609	147	150	0
660B	143	150	0
660D	150	150	0
660E	145	150	0
660F80	149	150	0
660F81	150	150	0
660F82	149	150	0
660F83	150	150	0
660F84	149	150	0
660F85	150	150	0
660F86	149	150	0
660F87	150	150	0
660F88	149	150	0
660F89	150	150	0
660F8A	149	150	0
660F8B	150	150	0
660F8C	150	150	0
660F8D	149	150	0
660F8E	149	150	0
660F8F	150	150	0
660FA0	146	150	0
660FA1	145	150	0
660FA3	101	150	0
660FA4	141	150	0
660FA5	142	150	0
660FA8	144	150	0
660FA9	146	150	0
660FAB	68	150	0
660FAC	141	150	0
660FAD	142	150	0
660FAF	141	150	0
660FB2	144	150	0
660FB3	95	150	0
660FB4	143	150	0
660FB5	143	150	0
660FB6	143	150	0
660FB7	144	150	0
660FBA.4	144	150	0
660FBA.5	149	150	0
660FBA.6	149	150	0
660FBA.7	149	150	0
660FBB	62	150	0
660FBC	143	150	0
660FBD	143	150	0
660FBE	144	150	0
660FBF	143	150	0
6611	137	150	0
6613	139	150	0
6615	140	150	0
6616	146	150	0
6617	146	150	0
6619	148	150	0
661B	147	150	0
661D	150	150	0
661E	146	150	0
661F	146	150	0
6621	149	150	0
6623	146	150	0
6625	150	150	0
6629	148	150	0
662B	146	150	0
662D	150	150	0
6631	149	150	0
6633	143	150	0
6635	150	150	0
6639	143	150	0
663B	143	150	0
663D	150	150	0
6640	150	150	0
6641	150	150	0
6642	150	150	0
6643	150	150	0
6644	150	150	0
6645	150	150	0
6646	150	150	0
6647	150	150	0
6648	150	150	0
6649	150	150	0
664A	150	150	0
664B	150	150	0
664C	150	150	0
664D	150	150	0
664E	150	150	0
664F	150	150	0
6650	148	150	0
6651	148	150	0
6652	148	150	0
6653	148	150	0
6654	148	150	0
6655	147	150	0
6656	147	150	0
6657	147	150	0
6658	138	150	0
6659	138	150	0
665A	137	150	0
665B	137	150	0
665C	137	150	0
665D	137	150	0
665E	138	150	0
665F	138	150	0
6660	145	150	0
6661	4	150	0
6662	129	150	0
6668	146	150	0
6669	143	150	0
666A	146	150	0
666B	143	150	0
666D	118	150	0
666F	113	150	0
6670	150	150	0
6671	150	150	0
6672	150	150	0
6673	150	150	0
6674	150	150	0
6675	150	150	0
6676	150	150	0
6677	150	150	0
6678	150	150	0
6679	150	150	0
667A	150	150	0
667B	150	150	0
667C	150	150	0
667D	150	150	0
667E	150	150	0
667F	150	150	0
6681.0	150	150	0
6681.1	150	150	0
6681.2	142	150	0
6681.3	150	150	0
6681.4	150	150	0
6681.5	150	150	0
6681.6	150	150	0
6681.7	148	150	0
6683.0	150	150	0
6683.1	150	150	0
6683.2	146	150	0
6683.3	150	150	0
6683.4	150	150	0
6683.5	150	150	0
6683.6	150	150	0
6683.7	148	150	0
6685	149	150	0
6687	149	150	0
6689	149	150	0
668B	149	150	0
668C	147	150	0
668D	149	150	0
668E	145	150	0
668F	132	150	0
6690	100	100	0
6691	100	100	0
6692	100	100	0
6693	100	100	0
6694	100	100	0
6695	100	100	0
6696	100	100	0
6697	100	100	0
6698	150	150	0
6699	150	150	0
669A	148	150	0
669C	0	150	0
669D	0	150	0
66A1	144	150	0
66A3	144	150	0
66A5	109	150	0
66A7	114	150	0
66AB	112	150	0
66AD	116	150	0
66AF	124	150	0
66B8	150	150	0
66B9	150	150	0
66BA	150	150	0
66BB	150	150	0
66BC	150	150	0
66BD	150	150	0
66BE	150	150	0
66BF	150	150	0
66C1.0	145	150	0
66C1.1	145	150	0
66C1.2	145	150	0
66C1.3	145	150	0
66C1.4	145	150	0
66C1.5	145	150	0
66C1.6	145	150	0
66C1.7	145	150	0
66C2	133	150	0
66C3	133	150	0
66C4	148	150	0
66C5	148	150	0
66C7	147	150	0
66C8	5	150	0
66C9	11	150	0
66CA	134	150	0
66CB	137	150	0
66CF	0	150	0
66D1.0	146	150	0
66D1.1	146	150	0
66D1.2	146	150	0
66D1.3	146	150	0
66D1.4	146	150	0
66D1.5	146	150	0
66D1.6	146	150	0
66D1.7	146	150	0
66D3.0	146	150	0
66D3.1	146	150	0
66D3.2	146	150	0
66D3.3	146	150	0
66D3.4	146	150	0
66D3.5	146	150	0
66D3.6	146	150	0
66D3.7	146	150	0
66E0	150	150	0
66E1	150	150	0
66E2	150	150	0
66E3	150	150	0
66E5	150	150	0
66E7	150	150	0
66E8	150	150	0
66E9	150	150	0
66EA	150	150	0
66EB	150	150	0
66ED	150	150	0
66EF	150	150	0
66F7.0	142	150	0
66F7.1	142	150	0
66F7.2	149	150	0
66F7.3	149	150	0
66F7.4	143	150	0
66F7.5	143	150	0
66F7.6	150	150	0
66F7.7	150	150	0
6700	126	150	0
6701	125	150	0
6702	124	150	0
6703	124	150	0
6708	125	150	0
6709	125	150	0
670A	124	150	0
670B	125	150	0
670F90	126	150	0
670F91	125	150	0
670F92	126	150	0
670F93	127	150	0
670F94	125	150	0
670F95	124	150	0
670F96	124	150	0
670F97	124	150	0
670F98	125	150	0
670F99	126	150	0
670F9A	123	150	0
670F9B	124	150	0
670F9C	123	150	0
670F9D	122	150	0
670F9E	126	150	0
670F9F	125	150	0
670FA3	102	150	0
670FA4	76	150	0
670FA5	66	150	0
670FAB	84	150	0
670FAC	78	150	0
670FAD	69	150	0
670FAF	121	150	0
670FB2	113	150	0
670FB3	94	150	0
670FB4	114	150	0
670FB5	113	150	0
670FB6	128	150	0
670FB7	127	150	0
670FBA.4	96	150	0
670FBA.5	76	150	0
670FBA.6	105	150	0
670FBA.7	76	150	0
670FBB	88	150	0
670FBC	123	150	0
670FBD	124	150	0
670FBE	126	150	0
670FBF	1	150	0
6710	109	150	0
6711	111	150	0
6712	114	150	0
6713	112	150	0
6718	115	150	0
6719	116	150	0
671A	116	150	0
671B	117	150	0
6720	126	150	0
6721	125	150	0
6722	126	150	0
6723	124	150	0
6728	125	150	0
6729	123	150	0
672A	124	150	0
672B	122	150	0
6730	139	150	0
6731	133	150	0
6732	133	150	0
6733	130	150	0
6738	134	150	0
6739	129	150	0
673A	134	150	0
673B	132	150	0
6762	74	150	0
676601	125	150	0
676603	124	150	0
676609	125	150	0
67660B	125	150	0
67660FA3	120	150	0
67660FA4	120	150	0
67660FA5	121	150	0
67660FAB	120	150	0
67660FAC	120	150	0
67660FAD	120	150	0
67660FAF	121	150	0
67660FB2	112	150	0
67660FB3	119	150	0
67660FB4	112	150	0
67660FB5	111	150	0
67660FB6	128	150	0
67660FB7	127	150	0
67660FBA.4	128	150	0
67660FBA.5	129	150	0
67660FBA.6	129	150	0
67660FBA.7	129	150	0
67660FBB	125	150	0
67660FBC	123	150	0
67660FBD	124	150	0
67660FBE	126	150	0
67660FBF	124	150	0
676611	109	150	0
676613	111	150	0
676619	116	150	0
67661B	117	150	0
676621	125	150	0
676623	124	150	0
676629	123	150	0
67662B	122	150	0
676631	133	150	0
676633	130	150	0
676639	129	150	0
67663B	131	150	0
676662	69	150	0
676669	125	150	0
67666B	123	150	0
67666D	109	150	0
67666F	110	150	0
676681.0	114	150	0
676681.1	114	150	0
676681.2	107	150	0
676681.3	114	150	0
676681.4	114	150	0
676681.5	114	150	0
676681.6	114	150	0
676681.7	113	150	0
676683.0	117	150	0
676683.1	117	150	0
676683.2	113	150	0
676683.3	117	150	0
676683.4	117	150	0
676683.5	117	150	0
676683.6	117	150	0
676683.7	115	150	0
676685	113	150	0
676687	113	150	0
676689	140	150	0
67668B	140	150	0
67668C	116	150	0
67668D	143	150	0
67668E	113	150	0
67668F	110	150	0
6766A1	147	150	0
6766A3	146	150	0
6766A5	126	150	0
6766A7	132	150	0
6766AB	111	150	0
6766AD	117	150	0
6766AF	125	150	0
6766C1.0	124	150	0
6766C1.1	124	150	0
6766C1.2	123	150	0
6766C1.3	123	150	0
6766C1.4	124	150	0
6766C1.5	124	150	0
6766C1.6	123	150	0
6766C1.7	123	150	0
6766C4	121	150	0
6766C5	120	150	0
6766C7	126	150	0
6766D1.0	118	150	0
6766D1.1	118	150	0
6766D1.2	117	150	0
6766D1.3	117	150	0
6766D1.4	117	150	0
6766D1.5	117	150	0
6766D1.6	117	150	0
6766D1.7	117	150	0
6766D3.0	118	150	0
6766D3.1	118	150	0
6766D3.2	118	150	0
6766D3.3	118	150	0
6766D3.4	117	150	0
6766D3.5	117	150	0
6766D3.6	117	150	0
6766D3.7	117	150	0
6766E0	150	150	0
6766E1	150	150	0
6766E2	150	150	0
6766E3	150	150	0
6766F7.0	123	150	0
6766F7.1	122	150	0
6766F7.2	123	150	0
6766F7.3	123	150	0
6766F7.4	121	150	0
6766F7.5	121	150	0
6766F7.6	131	150	0
6766F7.7	136	150	0
6769	124	150	0
676B	123	150	0
676C	114	150	0
676D	109	150	0
676E	111	150	0
676F	110	150	0
6780.0	115	150	0
6780.1	115	150	0
6780.2	110	150	0
6780.3	115	150	0
6780.4	115	150	0
6780.5	115	150	0
6780.6	115	150	0
6780.7	114	150	0
6781.0	114	150	0
6781.1	114	150	0
6781.2	109	150	0
6781.3	114	150	0
6781.4	114	150	0
6781.5	114	150	0
6781.6	114	150	0
6781.7	112	150	0
6782.0	116	150	0
6782.1	116	150	0
6782.2	111	150	0
6782.3	116	150	0
6782.4	116	150	0
6782.5	116	150	0
6782.6	115	150	0
6782.7	114	150	0
6783.0	117	150	0
6783.1	117	150	0
6783.2	111	150	0
6783.3	117	150	0
6783.4	117	150	0
6783.5	117	150	0
6783.6	117	150	0
6783.7	115	150	0
6784	115	150	0
6785	113	150	0
6786	115	150	0
6787	113	150	0
6788	140	150	0
6789	140	150	0
678A	140	150	0
678B	140	150	0
678C	116	150	0
678D	143	150	0
678E	113	150	0
678F	118	150	0
67A0	145	150	0
67A1	145	150	0
67A2	147	150	0
67A3	145	150	0
67A4	126	150	0
67A5	126	150	0
67A6	133	150	0
67A7	132	150	0
67AA	120	150	0
67AB	111	150	0
67AC	122	150	0
67AD	117	150	0
67AE	134	150	0
67AF	126	150	0
67C0.0	123	150	0
67C0.1	123	150	0
67C0.2	124	150	0
67C0.3	124	150	0
67C0.4	122	150	0
67C0.5	122	150	0
67C0.6	123	150	0
67C0.7	123	150	0
67C1.0	124	150	0
67C1.1	124	150	0
67C1.2	123	150	0
67C1.3	123	150	0
67C1.4	124	150	0
67C1.5	124	150	0
67C1.6	123	150	0
67C1.7	123	150	0
67C4	121	150	0
67C5	120	150	0
67C6	128	150	0
67C7	126	150	0
67D0.0	118	150	0
67D0.1	118	150	0
67D0.2	118	150	0
67D0.3	118	150	0
67D0.4	117	150	0
67D0.5	117	150	0
67D0.6	117	150	0
67D0.7	117	150	0
67D1.0	118	150	0
67D1.1	118	150	0
67D1.2	117	150	0
67D1.3	117	150	0
67D1.4	117	150	0
67D1.5	117	150	0
67D1.6	117	150	0
67D1.7	117	150	0
67D2.0	119	150	0
67D2.1	119	150	0
67D2.2	118	150	0
67D2.3	118	150	0
67D2.4	115	150	0
67D2.5	114	150	0
67D2.6	118	150	0
67D2.7	118	150	0
67D3.0	118	150	0
67D3.1	118	150	0
67D3.2	118	150	0
67D3.3	118	150	0
67D3.4	117	150	0
67D3.5	117	150	0
67D3.6	117	150	0
67D3.7	117	150	0
67D7	147	150	0
67E0	150	150	0
67E1	150	150	0
67E2	150	150	0
67E3	150	150	0
67F6.0	124	150	0
67F6.1	124	150	0
67F6.2	124	150	0
67F6.3	124	150	0
67F6.4	123	150	0
67F6.5	123	150	0
67F6.6	127	150	0
67F6.7	124	150	0
67F7.0	121	150	0
67F7.1	122	150	0
67F7.2	123	150	0
67F7.3	123	150	0
67F7.4	121	150	0
67F7.5	121	150	0
67F7.6	134	150	0
67F7.7	129	150	0
68	146	150	0
69	144	150	0
6A	146	150	0
6B	144	150	0
6C	120	150	0
6D	118	150	0
6E	116	150	0
6F	113	150	0
70	150	150	0
71	150	150	0
72	150	150	0
73	150	150	0
74	150	150	0
75	150	150	0
76	150	150	0
77	150	150	0
78	150	150	0
79	150	150	0
7A	150	150	0
7B	150	150	0
7C	150	150	0
7D	150	150	0
7E	150	150	0
7F	150	150	0
80.0	150	150	0
80.1	150	150	0
80.2	145	150	0
80.3	150	150	0
80.4	150	150	0
80.5	150	150	0
80.6	150	150	0
80.7	148	150	0
81.0	150	150	0
81.1	150	150	0
81.2	145	150	0
81.3	150	150	0
81.4	150	150	0
81.5	150	150	0
81.6	150	150	0
81.7	148	150	0
82.0	150	150	0
82.1	150	150	0
82.2	145	150	0
82.3	150	150	0
82.4	150	150	0
82.5	150	150	0
82.6	150	150	0
82.7	149	150	0
83.0	150	150	0
83.1	150	150	0
83.2	144	150	0
83.3	150	150	0
83.4	150	150	0
83.5	150	150	0
83.6	150	150	0
83.7	148	150	0
84	149	150	0
85	149	150	0
86	149	150	0
87	149	150	0
88	149	150	0
89	149	150	0
8A	149	150	0
8B	149	150	0
8C	147	150	0
8D	149	150	0
8E	145	150	0
8F	142	150	0
90	100	100	0
91	100	100	0
92	100	100	0
93	100	100	0
94	100	100	0
95	100	100	0
96	100	100	0
97	100	100	0
98	150	150	0
99	150	150	0
9A	148	150	0
9B	150	150	0
9C	147	150	0
9D	146	150	0
9E	150	150	0
9F	150	150	0
A0	143	150	0
A1	144	150	0
A2	145	150	0
A3	144	150	0
A4	117	150	0
A5	110	150	0
A6	129	150	0
A7	115	150	0
A8	150	150	0
A9	150	150	0
AA	116	150	0
AB	112	150	0
AC	119	150	0
AD	116	150	0
AE	132	150	0
AF	125	150	0
B0	150	150	0
B1	150	150	0
B2	150	150	0
B3	150	150	0
B4	150	150	0
B5	150	150	0
B6	150	150	0
B7	150	150	0
B8	150	150	0
B9	150	150	0
BA	150	150	0
BB	150	150	0
BC	150	150	0
BD	150	150	0
BE	150	150	0
BF	150	150	0
C0.0	146	150	0
C0.1	146	150	0
C0.2	146	150	0
C0.3	146	150	0
C0.4	146	150	0
C0.5	146	150	0
C0.6	146	150	0
C0.7	146	150	0
C1.0	145	150	0
C1.1	145	150	0
C1.2	145	150	0
C1.3	145	150	0
C1.4	145	150	0
C1.5	145	150	0
C1.6	145	150	0
C1.7	145	150	0
C2	145	150	0
C3	145	150	0
C4	148	150	0
C5	148	150	0
C6	148	150	0
C7	147	150	0
C8	26	150	0
C9	142	150	0
CA	142	150	0
CB	142	150	0
CC	98	100	0
CD	147	150	0
CE	147	150	0
CF	147	150	0
D0.0	146	150	0
D0.1	146	150	0
D0.2	146	150	0
D0.3	146	150	0
D0.4	146	150	0
D0.5	146	150	0
D0.6	146	150	0
D0.7	146	150	0
D1.0	146	150	0
D1.1	146	150	0
D1.2	146	150	0
D1.3	146	150	0
D1.4	146	150	0
D1.5	146	150	0
D1.6	146	150	0
D1.7	146	150	0
D2.0	146	150	0
D2.1	146	150	0
D2.2	146	150	0
D2.3	146	150	0
D2.4	143	150	0
D2.5	140	150	0
D2.6	146	150	0
D2.7	146	150	0
D3.0	146	150	0
D3.1	146	150	0
D3.2	146	150	0
D3.3	146	150	0
D3.4	146	150	0
D3.5	146	150	0
D3.6	146	150	0
D3.7	146	150	0
D4	135	150	0
D5	82	150	0
D6	99	100	0
D7	146	150	0
E0	150	150	0
E1	150	150	0
E2	150	150	0
E3	150	150	0
E4	150	150	0
E5	150	150	0
E6	150	150	0
E7	150	150	0
E8	150	150	0
E9	150	150	0
EA	150	150	0
EB	150	150	0
EC	150	150	0
ED	150	150	0
EE	150	150	0
EF	150	150	0
F4	100	100	0
F5	100	100	0
F6.0	143	150	0
F6.1	143	150	0
F6.2	149	150	0
F6.3	149	150	0
F6.4	143	150	0
F6.5	143	150	0
F6.6	149	150	0
F6.7	149	150	0
F7.0	143	150	0
F7.1	143	150	0
F7.2	149	150	0
F7.3	149	150	0
F7.4	143	150	0
F7.5	143	150	0
F7.6	150	150	0
F7.7	150	150	0
F8	100	100	0
F9	100	100	0
FA	100	100	0
FB	100	100	0
FC	100	100	0
FD	100	100	0
FE.0	149	150	0
FE.1	149	150	0
FF.0	149	150	0
FF.1	149	150	0
FF.2	142	150	0
FF.3	141	150	0
FF.4	142	150	0
FF.5	141	150	0
FF.6	145	150	0
